entry_id,active_metal,promoter_1,promoter_2,support,metal_loading_wt,promoter_1_loading_wt,promoter_2_loading_wt,BET_surface_area_m2_g,pore_volume_cm3_g,calcination_temp_C,reduction_temp_C,reaction_temp_C,reaction_pressure_atm,WHSV_h,H2_HC_ratio,propane_TOF_s,propane_conversion,propane_selectivity,deactivation_rate_h,reference_paper,reference_doi,notes,propane_TOF_log
1,Pt,Sn,,gamma-Al2O3,0.35,1.26,,,,,,519,,3.5,0,0.109,0.2,0.98,0.29,"J. Catal. 1996, 158, 1",https://doi.org/10.1006/jcat.1996.0001Get rights and content,,-0.962573502059376
2,Pt,Sn,,MgAl2O4,0.5,0.6,,,,,,550,,36.6,1,0.497,0.11,0.95,0.028,-,-,,-0.303643611266668
3,Pt,Ga,,MgAl2O4,0.6,5,,,,,,605,,3.9,0.37,0.176,0.3,0.98,0.024,"U.S. Patent 5214227,?1993.",-,,-0.75448733218585
4,Pt,Sn,Na,H-ZSM5,0.5,1,1,348,,500,500,590,,3,0.33,0.22,0.39,0.98,0.012,"Ind. Eng. Chem. Res. 2006, 45, 2213",https://doi.org/10.1021/ie800693t,,-0.657577319177794
5,Pt,Zn,,Na-Y,0.5,2.5,,580,0.33,500,500,555,,2.6,0,0.145,0.16,0.91,0.048,App. Catal. A:Gen. 306 (2006) 85,10.1016/j.apcata.2006.03.028,,-0.838631997765025
6,Pt,Ga,,MgAl2O4,0.6,5,,,,,,605,,3.9,0,0.176,0.3,0.98,0.024,App. Catal. A:Gen. 306 (2006) 85,10.1016/j.apcata.2006.03.028,,-0.75448733218585
7,Cr2O3,,,gamma-Al2O3,9,,,256,0.5,700,,580,,,0,,0.1,0.98,0.52,Appl. Catal. A: Gen. 389 (2010) 155,10.1016/j.apcata.2010.09.013,mesoporous Al2O3,
8,Cr2O3,,,ZrP,73,,,426,0.25,400,,550,,1.7,0,0.0000123,0.06,0.87,0.24,"Langmuir 1995, 15, 8421",https://doi.org/10.1021/la990504e,Zr-pillared alpha-ZrP,-4.9100948885606
9,Cr,Ga,,ZrP,20.1,9.3,,326,0.33,400,,550,,2,0,0.0000505,0.04,0.8,0.42,"Langmuir 1999, 15, 1115",https://doi.org/10.1021/la981042s,Zr-pillared alpha-ZrP,-4.29670862188134
10,Cr,,,ZrO2,4,,,,,,,550,,0.3,0,0.0000286,0.24,0.87,0.26,"Catal. Lett. 2002, 83, 19",-,,-4.54363396687096
11,Ga2O3,,,SiO2,1.7,,,,,,,550,,0.97,0,0.000497,0.2,0.8,0.036,"Catal. Lett. 2003, 89, 213",-,,-3.30364361126667
12,Ga2O3,,,,100,,,,,600,,500,,0.15,0,0.000000695,0.12,0.95,0.092,J. Catal. 232 (2005)?143,https://doi.org/10.1016/j.jcat.2005.03.001,,-6.15801519540989
13,Ga2O3,,,ZrO2,5,,,19,,,,600,,0.3,0,0.000019,0.08,0.74,0.77,J. Catal. 239 (2006) 470,https://doi.org/10.1016/j.jcat.2006.02.017,,-4.72124639904717
14,Ga8Al2O15,,,,100,,,130,,500,,500,,0.3,0,0.00000239,0.23,0.98,0.168,J. Catal. 256 (2008) 293,https://doi.org/10.1016/j.jcat.2008.03.021,,-5.62160209905186
15,Pt,Ga,,gamma-Al2O3,0.001,1.2,,,,,,590,,,0,,0.39,0.86,,"U.S. Patent 0198428,, 2002",-,,
16,Pt,In,,S-1,0.45,0.56,,313,0.2,550,550,547,,3.6,0,0.44,0.45,0.99,0.0007,"ACS Catal. 2024, 14, 17825",https://doi.org/10.1021/acscatal.4c05135,Encapsulated in Hollow-Structured Silicalite-1,-0.356547323513813
17,Pt,Zn,,S-1,0.72,0.97,,,,,550,550,,3.6,0,0.25,0.4,0.99,0.001,"ACS Catal. 2022, 12, 1310-1314",https://doi.org/10.1021/acscatal.1c04092,Encapsulated in Hollow-Structured Silicalite-1,-0.602059991327962
18,Pt,Zn,,S-1,0.72,0.97,,,,,550,550,,108,0,3.55,0.12,0.99,0.072,"ACS Catal. 2022, 12, 1310-1314",https://doi.org/10.1021/acscatal.1c04092,Encapsulated in Hollow-Structured Silicalite-2,0.550228353055094
19,Pt,Sn,,SiO2,1,0.6,,,,560,600,580,,4.7,0,0.22,0.38,0.98,0.0034,"Science 373, 217 (2021)",DOI: 10.1126/science.abg7894,,-0.657577319177794
20,Pt,Sn,,SiO2,1,0.6,,,,560,600,580,,29,0,1.2,0.28,1,0.0159,"Science 373, 217 (2021)",DOI: 10.1126/science.abg7895,,0.0791812460476248
21,Pt,Sn,,gamma-Al2O3,1,3.04,,,,560,600,580,,4.7,0,1.67,0.63,0.99,0.0099,"Science 373, 217 (2021)",DOI: 10.1126/science.abg7895,,0.222716471147583
22,Pt,,,gamma-Al2O3,0.5,,,,,560,600,580,,4.7,0,0.16,0.17,0.86,0.2,"Science 373, 217 (2021)",DOI: 10.1126/science.abg7895,,-0.795880017344075
23,Pt,Sn,,CeO2,1,3,,,,800,,680,,2.16,0,0.0887,0.4,0.85,,"Angewandte Chemie 2017, 56 (31), 8986",https://doi.org/10.1002/ange.201701115,,-1.05207638016827
24,Pt,Sn,Na,H-ZSM5,0.5,1,1,289,0.23,500,,590,,3,0.25,0.294,0.39,0.94,0.012,"Ind. Eng. Chem. Res. 2009, 48, 9885",https://doi.org/10.1021/ie900534m,,-0.531652669587843
25,Pt,Sn,Na,SUZ-4,0.5,2,1.5,310,0.15,520,500,590,,3,3,0.164,0.2,0.95,0.029,App. Catal. A:Gen.527 (2016) 30,10.1016/j.apcata.2016.08.017,,-0.795880017344075
26,Pt,Sn,K,theta-Al2O3,0.3,0.2,0.5,77.5,0.36,600,600,600,,4,0.5,0.602,0.38,0.96,0.0029,"RSC Adv., 2017, 7, 19841",https://doi.org/10.1039/C7RA02141K,,-0.220403508742175
27,Pt,Sn,,MgAl2O4,0.55,3.01,,64,,,580,580,,2.2,1,0.23,0.19,0.92,0.014,J. Catal. 320 (2014) 52,https://doi.org/10.1016/j.jcat.2014.09.013,,-0.638272163982407
28,Pt,Sn,,MgAl2O4,0.53,3.01,,69,,,580,580,,2.2,1,0.23,0.19,0.97,0.013,J. Catal. 320 (2014) 52,https://doi.org/10.1016/j.jcat.2014.09.013,,-0.638272163982407
29,Pt,Sn,,MgAl2O4,0.5,0.91,,61.4,,,580,580,,2.2,1,0.29,0.32,0.98,0.009,J. Catal. 320 (2014) 52,https://doi.org/10.1016/j.jcat.2014.09.013,,-0.537602002101044
30,Pt,Sn,,MgAl2O4,0.42,0.26,,67.9,,,580,580,,2.2,1,0.31,0.38,0.98,0.003,J. Catal. 320 (2014) 52,https://doi.org/10.1016/j.jcat.2014.09.013,,-0.508638306165727
31,Pt,Sn,,MgAl2O4,0.39,0.47,,66,,,580,580,,2.2,1,0.33,0.39,1,0.002,J. Catal. 320 (2014) 52,https://doi.org/10.1016/j.jcat.2014.09.013,,-0.468521082957745
32,Pt,Sn,,TS-1,0.5,0.6,,432,,500,500,590,,3,1,0.4,0.48,0.93,0.033,J. Catal. 352 (2017) 361,https://doi.org/10.1016/j.jcat.2017.05.024,,-0.397940008672038
33,Pt,Sn,,gamma-Al2O3,0.5,1.5,,,,560,600,600,,3.2,0,0.248,0.36,0.89,,"ACS Catal. 2016, 6, 2257",https://doi.org/10.1021/acscatal.5b02917,,-0.605548319173784
34,Pt,Sn,,gamma-Al2O3,0.5,0.9,,228,0.25,500,590,590,,5.2,1.25,0.609,0.43,0.97,0.012,"J. Catal. (2019) 572, 1",10.1016/j.apcata.2018.12.024,,-0.215382707367125
35,Pt,Sn,,SBA-15,1,0.5,,,,500,500,580,,8.25,0,0.42,0.38,0.97,0.0386,Chinese J. Catal. 38 (2017) 726,https://doi.org/10.1016/S1872-2067(17)62805-5,,-0.3767507096021
36,Pt,Sn,Na,SUZ-4,0.5,2,1,277,0.13,520,500,590,,3,3,0.14,0.21,0.9,0.0229,Chinese J. Catal. 38 (2017) 529,https://doi.org/10.1016/S1872-2067(17)62750-5,,-0.853871964321762
37,Pt,Sn,,MgAl2O4,0.3,0.3,,127,0.39,550,500,550,,1.13,0,0.12,,0.97,0.0015,Catal. Today 358 (2019) 90,https://doi.org/10.1016/j.cattod.2019.06.058,,-0.920818753952375
38,Pt,Sn,,theta-Al2O3,0.5,0.91,,,,,150,550,,11.8,1,1.14,,0.98,0.002,J. Catal. 374 (2019) 391,https://doi.org/10.1016/j.jcat.2019.04.035,,0.0569048513364726
39,Pt,Sn,,Beta,0.5,0.61,,,,,570,570,,140,1,16.45,0.46,0.99,0.0083,"ACS Catal., 2020, 10, 1, 818",https://doi.org/10.1021/acscatal.9b03527,,1.21616590228599
40,Pt,Sn,,gamma-Al2O3,0.5,1,,299,0.4,500,500,590,,3,0.25,0.22,0.25,0.92,0.044,J. Mol. Catal. A: Chem. 381 (2014) 128,https://doi.org/10.1016/j.molcata.2013.10.007,mesoporous Al2O3,-0.657577319177794
41,Pt,Sn,,gamma-Al2O3,0.5,1,,257,,500,500,590,,3,0.25,0.21,0.23,0.76,0.058,J. Mol. Catal. A: Chem. 381 (2014) 128,https://doi.org/10.1016/j.molcata.2013.10.007,,-0.677780705266081
42,Pt,Sn,,H-ZSM5,0.5,1,,340,0.21,500,500,590,,3,0.25,0.24,0.26,0.48,0.054,J. Mol. Catal. A: Chem. 381 (2014) 128,https://doi.org/10.1016/j.molcata.2013.10.007,,-0.619788758288394
43,Pt,Sn,,SBA-15,0.5,1,,787,1.12,500,500,590,,3,0.25,0.08,0.06,0.8,0.11,J. Mol. Catal. A: Chem. 381 (2014) 128,https://doi.org/10.1016/j.molcata.2013.10.007,,-1.09691001300806
44,Pt,Sn,,S-1,0.3,0.5,,246,0.19,550,550,550,,6.5,0,1.53,,1,0.002,J. Catal. 385 (2020) 61,https://doi.org/10.1016/j.jcat.2020.02.019,Encapsulated in Hollow-Structured Silicalite-2,0.184691430817599
45,Pt,Zn,,SiO2,3.05,1.54,,,,,600,550,,32,0,0.45,0.27,0.96,0.014,"Chem. Sci. 2020, 11 (6), 1549",https://doi.org/10.1039/C9SC05599A,,-0.346787486224656
46,Pt,Zn,,SiO2,3.05,1.54,,,,,600,550,,75,0,0.91,0.16,0.95,0.027,"Chem. Sci. 2020, 11 (6), 1549",https://doi.org/10.1039/C9SC05599A,,-0.0409586076789064
47,Pt,Zn,Na,H-ZSM5,0.5,1,1,,,500,500,590,,3,0.25,0.279,0.38,0.97,0.013,"Chem. Eng. J. 2015, 270, 352",10.1016/j.cej.2015.01.008,,-0.554395796726402
48,Pt,Ga,Pb,SiO2,3,0.54,1.59,,,,650,600,,30.7,1.28,0.38,0.28,1,0.001,"Nature Comm. 11, 2020, 2838",https://doi.org/10.1038/s41467-020-16693-9,,-0.42021640338319
49,Pt,Ga,,SiO2,4.82,1.48,,,,,500,550,,98,0,1.36,0.18,0.99,0.04,"J. Am. Chem. Soc. 2018, 140, 11674",https://doi.org/10.1021/jacs.8b05378,,0.133538908370218
50,Pt,Ga,,SiO2,4.82,1.48,,,,,500,550,,43.3,0,0.76,0.27,0.91,0.023,"J. Am. Chem. Soc. 2018, 140, 11674",https://doi.org/10.1021/jacs.8b05378,,-0.119186407719209
51,Pt,Ga2O3,,gamma-Al2O3,0.5,3,,146,0.39,600,600,575,,5.4,0,0.48,,0.97,0.143,"Ind. Eng. Chem. Res., 2018, 57, 39, 13087",https://doi.org/10.1021/acs.iecr.8b03085,Ga2O3 rod,-0.318758762624413
52,Pt,Cu,,gamma-Al2O3,0.1,10,,,,,,550,,4,1,0.95,0.22,0.9,0.012,"Nature Comm. 9, 2018, 4454",https://doi.org/10.1038/s41467-018-06967-8,,-0.0222763947111523
53,Pt,Cu,,MgAl2O4,1,1,,,,,600,590,,6.8,1,0.24,0.21,0.88,0.011,J. Catal. 366 (2018) 115,https://doi.org/10.1016/j.jcat.2018.08.001,,-0.619788758288394
54,Pt,Cu,,MgAl2O4,1,1,,,,,600,590,,6.8,1,0.28,0.17,0.95,0.034,J. Catal. 366 (2018) 115,https://doi.org/10.1016/j.jcat.2018.08.001,,-0.552841968657781
55,Pt,Au,,MgAl2O4,1,1,,,,,600,590,,6.8,1,0.31,0.17,0.6,0.04,J. Catal. 366 (2018) 115,https://doi.org/10.1016/j.jcat.2018.08.001,,-0.508638306165727
56,Pt,,,TiO2-anatase:0.5+gamma-Al2O3:0.5,1,,,293,6.6,600,500,600,,10,1,0.45,0.26,0.9,0.0976,"ACS Catal., 2015, 5, 1, 438",https://doi.org/10.1021/cs501279v,,-0.346787486224656
57,Pt,Zn,,gamma-Al2O3,0.1,15,,174,,500,,600,,3,1,1.21,0.31,0.94,0.045,"ACS Catal., 2016, 6, 4, 2158",https://doi.org/10.1021/acscatal.5b02878,,0.0827853703164501
58,Pt,Sn,,gamma-Al2O3,0.36,0.68,,,,,,590,,9.4,1.25,1.58,0.45,0.99,0.007,"Angew. Chem. Int. Ed. 2015, 54: 13994",https://doi.org/10.1002/anie.201507119,,0.198657086954423
59,Pt,In,,SiO2,0.3,0.06,,,,,,600,,3,1,0.207,0.17,0.99,0.073,"Chem. Sci. 9, 3925 (2018)",10.1039/C8SC00802G,,-0.684029654543082
60,Pt,Sn,,SAPO-34,0.5,1,,409,,500,500,595,,5.6,0.25,0.48,0.44,0.66,0.149,Chinese J. Catal. 31 (2010) 552,https://doi.org/10.1016/S1872-2067(09)60071-1,,-0.318758762624413
61,Pt,Sn,,gamma-Al2O3,2,0.6,,,,550,540,540,,3.5,0.33,0.09,0.39,0.94,0.02,J. Ener. Chem. 27 (2018) 311,10.1016/j.jechem.2017.09.035,,-1.04575749056068
62,Pt,Sn,,gamma-Al2O3,2,1.2,,,,550,540,540,,3.5,0.33,0.09,0.41,0.97,0.011,J. Ener. Chem. 27 (2018) 311,10.1016/j.jechem.2017.09.035,,-1.04575749056068
63,Pt,Sn,,gamma-Al2O3,2,2.4,,,,550,540,540,,3.5,0.33,0.09,0.42,0.98,0.006,J. Ener. Chem. 27 (2018) 311,10.1016/j.jechem.2017.09.035,,-1.04575749056068
64,Pt,Sn,,gamma-Al2O3,2,3.6,,,,550,540,540,,3.5,0.33,0.09,0.42,0.99,0.005,J. Ener. Chem. 27 (2018) 311,10.1016/j.jechem.2017.09.035,,-1.04575749056068
65,Pt,Cu,,SiO2,0.1,10,,,,,680,580,,4.7,1,1.54,0.43,0.94,0.005,"Chem. Sci., 2022,13, 9537-9543",https://doi.org/10.1039/D2SC03723H,single Pt atom,0.187520720836463
66,Pt,Mn,,SiO2,2.97,1.34,,,,,,550,,96.8,0,0.1,0.18,0.98,0.018,"J. Am. Chem. Soc., 2022, 144, 29, 13384",https://doi.org/10.1021/jacs.2c05618,,-1
67,Pt,Sn,,SiO2,3,1.83,,,,,800,500,,47,0,0.46,0.24,1,0.0263,J. Catal. 365 (2018) 277,https://doi.org/10.1016/j.jcat.2018.06.028,,-0.337242168318426
68,Cr,,,gamma-Al2O3,7.5,,,,,,,600,,2.16,,,0.67,0.89,,,,,
69,Cr,,,MCM-41,10,,,,,,,630,,1.1,,,0.5,0.9,,,,,
70,Co,,,Al2O3,5,,,,,,,590,,,,,0.25,0.97,,,,,
71,Zn,,,SiO2,3,,,,,,,500,,0.18,,,0.5,0.95,,,,,
72,Cr,,,SiO2,1.5,,,,,,,600,,,,,0.44,0.95,,,,,
73,Ga2O3,,,SBA_15,5,,,,,,,620,,0.6,,,0.5,0.9,,,,,
74,Co,Mg,,S-1,2,1.6,,,,,,550,,4.7,,,0.29,0.91,,,,,
75,Co,,,S-1,2,,,,,,,550,,4.7,,,0.29,0.25,,,,,
76,In2O3,,,,100,,,,,,,600,,,,,0.1,0.6,,,,,
77,Ga,,,SiO2,7,,,,,,,750,,,,,0.68,0.84,,,,,
78,Ga2O3,,,SiO2,5,,,,,,,600,,,,,0.06,0.92,,,,,
79,Ga2O3,,,,100,,,,,,,500,,,,,0.23,0.94,,,,,
80,Zn,,,S-1,5,,,,,,,575,,,,,0.67,0.98,,,,,
81,Zn,,,S-1,1,,,,,,,550,,,,,0.06,0.99,,,,,
82,Zn,,,S-1,3,,,,,,,550,,,,,0.41,0.94,,,,,
83,Zn,,,S-1,10,,,,,,,550,,,,,0.5,0.86,,,,,
84,Zn,,,H-ZSM5,5,,,,,,,550,,,,,0.66,0.4,,,,,
85,Ga,,,SiO2,3,,,,,,,550,,,,,0.1,0.95,,,,,
